{"cameraMode":{"drawMode":0,"name":"Shaded","section":"Shading Mode"},"sceneLighting":false,"audioPlay":false,"sceneViewState":{"showFog":true,"showMaterialUpdate":false,"showSkybox":false,"showFlares":true,"showImageEffects":true,"showParticleSystems":true},"in2DMode":false,"pivot":{"x":165.2899932861328,"y":10.819985389709473,"z":61.744667053222659},"rotation":{"x":-0.071327805519104,"y":-0.01736227236688137,"z":0.0012379658874124289,"w":-0.9973198771476746},"size":28.261981964111329,"orthographic":false}