{"cameraMode":{"drawMode":0,"name":"Shaded","section":"Shading Mode"},"sceneLighting":false,"audioPlay":false,"sceneViewState":{"showFog":true,"showMaterialUpdate":false,"showSkybox":false,"showFlares":true,"showImageEffects":true,"showParticleSystems":true},"in2DMode":false,"pivot":{"x":0.0,"y":-1.880000114440918,"z":39.40180206298828},"rotation":{"x":-0.17822830379009248,"y":-0.19892102479934693,"z":0.036816902458667758,"w":-0.9630298614501953},"size":96.72744750976563,"orthographic":true}