{"cameraMode":{"drawMode":0,"name":"Shaded","section":"Shading Mode"},"sceneLighting":false,"audioPlay":false,"sceneViewState":{"showFog":true,"showMaterialUpdate":false,"showSkybox":false,"showFlares":true,"showImageEffects":true,"showParticleSystems":true},"in2DMode":false,"pivot":{"x":7.152557373046875e-7,"y":0.28367799520492556,"z":-0.0011620521545410157},"rotation":{"x":0.22720268368721009,"y":-0.4904734492301941,"z":0.1341538429260254,"w":0.8306145071983337},"size":29.498445510864259,"orthographic":true}